{
  "rows": [
    {
      "cover": "imgs\\checkerboard.png",
      "stego": "results\\checkerboard_lsb_0p1.png",
      "bits_per_channel": 1,
      "payload_percent": 0.1,
      "psnr": 81.35869935338754,
      "ssim": 0.9999999781120139,
      "chi2_cover": {
        "R": {
          "chi2": 262144.0,
          "df": 1
        },
        "G": {
          "chi2": 262144.0,
          "df": 1
        },
        "B": {
          "chi2": 262144.0,
          "df": 1
        }
      },
      "chi2_stego": {
        "R": {
          "chi2": 261648.23760986328,
          "df": 1
        },
        "G": {
          "chi2": 261616.26739501953,
          "df": 1
        },
        "B": {
          "chi2": 261672.2130126953,
          "df": 1
        }
      }
    },
    {
      "cover": "imgs\\checkerboard.png",
      "stego": "results\\checkerboard_lsb_0p5.png",
      "bits_per_channel": 1,
      "payload_percent": 0.5,
      "psnr": 74.15158024043117,
      "ssim": 0.9999998850304345,
      "chi2_cover": {
        "R": {
          "chi2": 262144.0,
          "df": 1
        },
        "G": {
          "chi2": 262144.0,
          "df": 1
        },
        "B": {
          "chi2": 262144.0,
          "df": 1
        }
      },
      "chi2_stego": {
        "R": {
          "chi2": 259486.7784423828,
          "df": 1
        },
        "G": {
          "chi2": 259534.53033447266,
          "df": 1
        },
        "B": {
          "chi2": 259566.36798095703,
          "df": 1
        }
      }
    },
    {
      "cover": "imgs\\checkerboard.png",
      "stego": "results\\checkerboard_lsb_1p0.png",
      "bits_per_channel": 1,
      "payload_percent": 1.0,
      "psnr": 71.09185946553254,
      "ssim": 0.9999997605508573,
      "chi2_cover": {
        "R": {
          "chi2": 262144.0,
          "df": 1
        },
        "G": {
          "chi2": 262144.0,
          "df": 1
        },
        "B": {
          "chi2": 262144.0,
          "df": 1
        }
      },
      "chi2_stego": {
        "R": {
          "chi2": 256870.79983520508,
          "df": 1
        },
        "G": {
          "chi2": 256799.56118774414,
          "df": 1
        },
        "B": {
          "chi2": 256934.14749145508,
          "df": 1
        }
      }
    },
    {
      "cover": "imgs\\checkerboard.png",
      "stego": "results\\checkerboard_lsb_5p0.png",
      "bits_per_channel": 1,
      "payload_percent": 5.0,
      "psnr": 64.14010847054902,
      "ssim": 0.9999988379849668,
      "chi2_cover": {
        "R": {
          "chi2": 262144.0,
          "df": 1
        },
        "G": {
          "chi2": 262144.0,
          "df": 1
        },
        "B": {
          "chi2": 262144.0,
          "df": 1
        }
      },
      "chi2_stego": {
        "R": {
          "chi2": 236492.26104736328,
          "df": 1
        },
        "G": {
          "chi2": 236602.55056762695,
          "df": 1
        },
        "B": {
          "chi2": 236465.77053833008,
          "df": 1
        }
      }
    },
    {
      "cover": "imgs\\gradient.png",
      "stego": "results\\gradient_lsb_0p1.png",
      "bits_per_channel": 1,
      "payload_percent": 0.1,
      "psnr": 81.19909811945027,
      "ssim": 0.9999999405183067,
      "chi2_cover": {
        "R": {
          "chi2": 273.06666666666666,
          "df": 127
        },
        "G": {
          "chi2": 273.06666666666666,
          "df": 127
        },
        "B": {
          "chi2": 109.79156177341788,
          "df": 127
        }
      },
      "chi2_stego": {
        "R": {
          "chi2": 274.80963541666665,
          "df": 127
        },
        "G": {
          "chi2": 197.48072916666666,
          "df": 127
        },
        "B": {
          "chi2": 115.06527974487719,
          "df": 127
        }
      }
    },
    {
      "cover": "imgs\\gradient.png",
      "stego": "results\\gradient_lsb_0p5.png",
      "bits_per_channel": 1,
      "payload_percent": 0.5,
      "psnr": 74.101067544148,
      "ssim": 0.9999997016787588,
      "chi2_cover": {
        "R": {
          "chi2": 273.06666666666666,
          "df": 127
        },
        "G": {
          "chi2": 273.06666666666666,
          "df": 127
        },
        "B": {
          "chi2": 109.79156177341788,
          "df": 127
        }
      },
      "chi2_stego": {
        "R": {
          "chi2": 271.517578125,
          "df": 127
        },
        "G": {
          "chi2": 432.0432291666666,
          "df": 127
        },
        "B": {
          "chi2": 104.9117760016589,
          "df": 127
        }
      }
    },
    {
      "cover": "imgs\\gradient.png",
      "stego": "results\\gradient_lsb_1p0.png",
      "bits_per_channel": 1,
      "payload_percent": 1.0,
      "psnr": 71.14570058424322,
      "ssim": 0.999999423089397,
      "chi2_cover": {
        "R": {
          "chi2": 273.06666666666666,
          "df": 127
        },
        "G": {
          "chi2": 273.06666666666666,
          "df": 127
        },
        "B": {
          "chi2": 109.79156177341788,
          "df": 127
        }
      },
      "chi2_stego": {
        "R": {
          "chi2": 269.629296875,
          "df": 127
        },
        "G": {
          "chi2": 172.64361979166665,
          "df": 127
        },
        "B": {
          "chi2": 106.11288242805955,
          "df": 127
        }
      }
    },
    {
      "cover": "imgs\\gradient.png",
      "stego": "results\\gradient_lsb_5p0.png",
      "bits_per_channel": 1,
      "payload_percent": 5.0,
      "psnr": 64.15644281847587,
      "ssim": 0.9999970904690323,
      "chi2_cover": {
        "R": {
          "chi2": 273.06666666666666,
          "df": 127
        },
        "G": {
          "chi2": 273.06666666666666,
          "df": 127
        },
        "B": {
          "chi2": 109.79156177341788,
          "df": 127
        }
      },
      "chi2_stego": {
        "R": {
          "chi2": 255.62916666666666,
          "df": 127
        },
        "G": {
          "chi2": 213.06901041666666,
          "df": 127
        },
        "B": {
          "chi2": 96.06217989264509,
          "df": 127
        }
      }
    },
    {
      "cover": "imgs\\minecraft.png",
      "stego": "results\\minecraft_lsb_0p1.png",
      "bits_per_channel": 1,
      "payload_percent": 0.1,
      "psnr": 81.03067850819662,
      "ssim": 0.9999999736856781,
      "chi2_cover": {
        "R": {
          "chi2": 41433.985674808326,
          "df": 127
        },
        "G": {
          "chi2": 31215.377590623415,
          "df": 127
        },
        "B": {
          "chi2": 34043.654627362346,
          "df": 127
        }
      },
      "chi2_stego": {
        "R": {
          "chi2": 41440.544654719815,
          "df": 127
        },
        "G": {
          "chi2": 31208.201892084322,
          "df": 127
        },
        "B": {
          "chi2": 34057.99854198105,
          "df": 127
        }
      }
    },
    {
      "cover": "imgs\\minecraft.png",
      "stego": "results\\minecraft_lsb_0p5.png",
      "bits_per_channel": 1,
      "payload_percent": 0.5,
      "psnr": 74.10266905921029,
      "ssim": 0.9999998750539209,
      "chi2_cover": {
        "R": {
          "chi2": 41433.985674808326,
          "df": 127
        },
        "G": {
          "chi2": 31215.377590623415,
          "df": 127
        },
        "B": {
          "chi2": 34043.654627362346,
          "df": 127
        }
      },
      "chi2_stego": {
        "R": {
          "chi2": 41369.276163197035,
          "df": 127
        },
        "G": {
          "chi2": 31213.67460779756,
          "df": 127
        },
        "B": {
          "chi2": 33785.249027365884,
          "df": 127
        }
      }
    },
    {
      "cover": "imgs\\minecraft.png",
      "stego": "results\\minecraft_lsb_1p0.png",
      "bits_per_channel": 1,
      "payload_percent": 1.0,
      "psnr": 71.12605001534574,
      "ssim": 0.9999997477391818,