{
  "mode": "encode",
  "cover": "imgs\\minecraft.png",
  "stego": "imgs\\minecraft_stego.png",
  "bits_per_channel": 1,
  "payload_percent": null,
  "psnr": 88.34788333176952,
  "ssim": 0.9999999952588368,
  "chi2_cover": {
    "R": {
      "chi2": 41433.985674808326,
      "df": 127,
      "p_value": 0.0
    },
    "G": {
      "chi2": 31215.377590623415,
      "df": 127,
      "p_value": 0.0
    },
    "B": {
      "chi2": 34043.654627362346,
      "df": 127,
      "p_value": 0.0
    }
  },
  "chi2_stego": {
    "R": {
      "chi2": 41430.37142078551,
      "df": 127,
      "p_value": 0.0
    },
    "G": {
      "chi2": 31208.836118816653,
      "df": 127,
      "p_value": 0.0
    },
    "B": {
      "chi2": 34040.50134460632,
      "df": 127,
      "p_value": 0.0
    }
  },
  "hist_cover": "results\\minecraft_hist_cover.png",
  "hist_stego": "results\\minecraft_hist_stego.png",
  "diff_map": "results\\minecraft_diff_map.png"
}