{
  "algo": "xor",
  "input": "imgs/checkerboard.png",
  "output": "imgs/checkerboard_xor.png",
  "entropy_src": 2.584962500721156,
  "entropy_enc": 7.999757520860817,
  "corr_src": 0.9412915851272013,
  "corr_enc": 0.00021192223643605218,
  "NPCR_src_vs_enc": 99.6100107828776,
  "UACI_src_vs_enc": 35.82357169755923,
  "KeySensitivity_NPCR": 99.62234497070312,
  "KeySensitivity_UACI": 33.47364388260187
}