{
  "algo": "aes-ctr",
  "input": "imgs/checkerboard.png",
  "output": "imgs/checkerboard_aes-ctr.png",
  "nonce_hex": "0d4be39d161e9aff",
  "entropy_src": 2.584962500721156,
  "entropy_enc": 7.999762534201785,
  "corr_src": 0.9412915851272013,
  "corr_enc": 0.0011291252652163525,
  "NPCR_src_vs_enc": 99.61942036946616,
  "UACI_src_vs_enc": 35.814416922774974,
  "KeySensitivity_NPCR": 99.61598714192709,
  "KeySensitivity_UACI": 33.44089034336065
}