{
  "algo": "xor",
  "input": "imgs/checkerboard.png",
  "output": "imgs/checkerboard_xor.png",
  "iv_hex": "76e147b2b5815fbb589a949fe107b5c6",
  "entropy_src": 2.584962500721156,
  "entropy_enc": 7.999744106196563,
  "corr_src": 0.9412915851272013,
  "corr_enc": -0.003677575112892951,
  "NPCR_src_vs_enc": 99.62285359700522,
  "UACI_src_vs_enc": 35.80210966222426,
  "KeySensitivity_NPCR": 99.60339864095053,
  "KeySensitivity_UACI": 33.41796525942734
}