{
  "algo": "aes-ecb",
  "input": "imgs/checkerboard.png",
  "output": "imgs/checkerboard_aes-ecb.png",
  "entropy_src": 2.584962500721156,
  "entropy_enc": 6.202099089240292,
  "corr_src": 0.9412915851272013,
  "corr_enc": -0.1634671405095122,
  "NPCR_src_vs_enc": 98.95833333333334,
  "UACI_src_vs_enc": 33.3047385620915,
  "KeySensitivity_NPCR": 100.0,
  "KeySensitivity_UACI": 35.02042483660131
}