{
  "algo": "aes-ctr",
  "input": "imgs/gradient.png",
  "output": "imgs/gradient_aes-ctr.png",
  "nonce_hex": "690a0334cfbe693c",
  "entropy_src": 7.971641949678417,
  "entropy_enc": 7.999774128257479,
  "corr_src": 0.9999638037450129,
  "corr_enc": 0.002559763213032081,
  "NPCR_src_vs_enc": 99.61140950520834,
  "UACI_src_vs_enc": 32.105545841790494,
  "KeySensitivity_NPCR": 99.61166381835938,
  "KeySensitivity_UACI": 33.53219026054432
}