{
  "algo": "aes-cbc",
  "input": "imgs/gradient.png",
  "output": "imgs/gradient_aes-cbc.png",
  "iv_hex": "06cd9db484703740fb3360a1cf638d96",
  "entropy_src": 7.971641949678417,
  "entropy_enc": 7.9997819210712455,
  "corr_src": 0.9999638037450129,
  "corr_enc": 0.0017824390290445504,
  "NPCR_src_vs_enc": 99.60416158040366,
  "UACI_src_vs_enc": 32.091727163277426,
  "KeySensitivity_NPCR": 99.60784912109375,
  "KeySensitivity_UACI": 33.466879651437395
}