{
  "algo": "aes-ctr",
  "input": "imgs/minecraft.png",
  "output": "imgs/minecraft_aes-ctr.png",
  "nonce_hex": "7839f256bcbd8db2",
  "entropy_src": 7.8061909120747455,
  "entropy_enc": 7.999924668665161,
  "corr_src": 0.9853094631174112,
  "corr_enc": -0.0012808079907050739,
  "NPCR_src_vs_enc": 99.61067708333333,
  "UACI_src_vs_enc": 34.276797527460054,
  "KeySensitivity_NPCR": 99.61581307870371,
  "KeySensitivity_UACI": 33.4762904525236
}